{"data":[
{"class_number":"5288","description":"Novice Youth Barrel Racing 14-18 Oct 27","fees":[{"description":"Entry Fee","fee":35}]},
{"class_number":"5287","description":"Novice Youth Barrel Racing 13 & Under Oct 27","fees":[{"description":"Entry Fee","fee":35}]},
{"class_number":"1282","description":"Senior Barrel Racing Oct 28","fees":[{"description":"Entry Fee","fee":65}]},
{"class_number":"4288","description":"Youth Barrel 14 - 18 Oct 28","fees":[{"description":"Entry Fee","fee":35}]},
{"class_number":"4287","description":"Youth Barrel 13 & Under Oct 28","fees":[{"description":"Entry Fee","fee":35}]},
{"class_number":"1281","description":"Junior Barrel Racing Oct 29","fees":[{"description":"Entry Fee","fee":65}]},
{"class_number":"3280","description":"Novice Amateur Barrel Racing Oct 29","fees":[{"description":"Entry Fee","fee":65}]},
{"class_number":"2288","description":"Amateur Select Barrels Presented by: John Deere Oct 30","fees":[{"description":"Entry Fee","fee":65}]},
{"class_number":"2280","description":"Amateur Barrel Racing Oct 30","fees":[{"description":"Entry Fee","fee":65}]},
{"class_number":"6122","description":"EWD Walk/Trot Showmanship - Level 2 Oct 15","fees":[{"description":"Entry Fee","fee":65}]},
{"class_number":"0612","description":"EWD Walk/Trot Showmanship - Level 2 Oct 15","fees":[{"description":"Entry Fee","fee":65}]},
{"class_number":"6423","description":"EWD Walk/Trot Western Pleasure - Supported Oct 15","fees":[{"description":"Entry Fee","fee":65}]},
{"class_number":"0643","description":"EWD Walk/Trot Western Pleasure - Supported Oct 15","fees":[{"description":"Entry Fee","fee":65}]},
{"class_number":"6383","description":"EWD Walk/Jog Trail Supported - Level 1 Oct 16","fees":[{"description":"Entry Fee","fee":65},{"description":"Trail Equipment & Warm-up Fee","fee":25}]},
{"class_number":"0633","description":"EWD Walk/Jog Trail Supported - Level 1 Oct 16","fees":[{"description":"Entry Fee","fee":65},{"description":"Trail Equipment & Warm-up Fee","fee":25}]},
{"class_number":"6381","description":"EWD Walk/Jog Trail Independent - Level 2 Oct 16","fees":[{"description":"Entry Fee","fee":65},{"description":"Trail Equipment & Warm-up Fee","fee":25}]},
{"class_number":"0631","description":"EWD Walk/Jog Trail Independent - Level 2 Oct 16","fees":[{"description":"Entry Fee","fee":65},{"description":"Trail Equipment & Warm-up Fee","fee":25}]},
{"class_number":"6441","description":"EWD Walk/Trot Hunter Under Saddle - Independent Oct 16","fees":[{"description":"Entry Fee","fee":65}]},
{"class_number":"0644","description":"EWD Walk/Trot Hunter Under Saddle - Independent Oct 16","fees":[{"description":"Entry Fee","fee":65}]},
{"class_number":"6521","description":"EWD Walk/Trot Hunt Seat Equitation - Independent Oct 16","fees":[{"description":"Entry Fee","fee":65}]},
{"class_number":"0645","description":"EWD Walk/Trot Hunt Seat Equitation - Independent Oct 16","fees":[{"description":"Entry Fee","fee":65}]},
{"class_number":"6421","description":"EWD Walk/Trot Western Pleasure - Independent Oct 16","fees":[{"description":"Entry Fee","fee":65}]},
{"class_number":"0642","description":"EWD Walk/Trot Western Pleasure - Independent Oct 16","fees":[{"description":"Entry Fee","fee":65}]},
{"class_number":"6401","description":"EWD Walk/Trot Horsemanship - Independent Oct 16","fees":[{"description":"Entry Fee","fee":65}]},
{"class_number":"0641","description":"EWD Walk/Trot Horsemanship - Independent Oct 16","fees":[{"description":"Entry Fee","fee":65}]},
{"class_number":"3530","description":"Novice Amateur Equitation Over Fences Oct 16","fees":[{"description":"Entry Fee","fee":65},{"description":"Fence Fee","fee":10}]},
{"class_number":"0353","description":"NSBA Novice Amateur Equitation Over Fences Oct 16","fees":[{"description":"Entry Fee","fee":68}]},
{"class_number":"2530","description":"Amateur Equitation Over Fences Oct 17","fees":[{"description":"Entry Fee","fee":65},{"description":"Fence Fee","fee":10}]},
{"class_number":"0530","description":"NSBA Amateur Equitation Over Fences Oct 17","fees":[{"description":"Entry Fee","fee":68}]},
{"class_number":"5530","description":"Novice Youth Equitation Over Fences Oct 17","fees":[{"description":"Entry Fee","fee":35},{"description":"Fence Fee","fee":10}]},
{"class_number":"0553","description":"NSBA Novice Youth Equitation Over Fences Oct 17","fees":[{"description":"Entry Fee","fee":38}]},
{"class_number":"4537","description":"Youth Equitation Over Fences 13 & Under Oct 17","fees":[{"description":"Entry Fee","fee":35},{"description":"Fence Fee","fee":10}]},
{"class_number":"0537","description":"NSBA Youth Equitation Over Fences 13 & Under Oct 17","fees":[{"description":"Entry Fee","fee":38}]},
{"class_number":"4538","description":"Youth Equitation Over Fences 14 - 18 Oct 17","fees":[{"description":"Entry Fee","fee":35},{"description":"Fence Fee","fee":10}]},
{"class_number":"0534","description":"NSBA Youth Equitation Over Fences 14 - 18 Oct 17","fees":[{"description":"Entry Fee","fee":38}]},
{"class_number":"2538","description":"Amateur Select Equitation Over Fences Oct 17","fees":[{"description":"Entry Fee","fee":65},{"description":"Fence Fee","fee":10}]},
{"class_number":"0538","description":"NSBA Amateur Select Equitation Over Fences Oct 17","fees":[{"description":"Entry Fee","fee":68}]},
{"class_number":"6426","description":"Heroes On Horses Walk Trot Western Supported Oct 14","fees":[{"description":"Entry Fee","fee":0}]},
{"class_number":"6427","description":"Heroes On Horses Walk Trot Western Independent Oct 14","fees":[{"description":"Entry Fee","fee":0}]},
{"class_number":"8800","description":"Small Fry Western Horsemanship Oct 15","fees":[{"description":"Entry Fee","fee":35}]},
{"class_number":"0800","description":"NSBA Small Fry Western Horsemanship Oct 15","fees":[{"description":"Entry Fee","fee":38}]},
{"class_number":"5407","description":"Novice Youth Horsemanship 13 & Under Oct 19","fees":[{"description":"Entry Fee","fee":35}]},
{"class_number":"0407","description":"NSBA Novice Youth Horsemanship 13 & Under Oct 19","fees":[{"description":"Entry Fee","fee":38}]},
{"class_number":"4405","description":"Youth Horsemanship 11 & Under Oct 20","fees":[{"description":"Entry Fee","fee":35}]},
{"class_number":"0405","description":"NSBA Youth Horsemanship 11 & Under Oct 20","fees":[{"description":"Entry Fee","fee":38}]},
{"class_number":"4406","description":"Youth Horsemanship 12 - 14 Oct 20","fees":[{"description":"Entry Fee","fee":35}]},
{"class_number":"0406","description":"NSBA Youth Horsemanship 12 - 14 Oct 20","fees":[{"description":"Entry Fee","fee":38}]},
{"class_number":"3400","description":"Novice Amateur Horsemanship Oct 21","fees":[{"description":"Entry Fee","fee":65}]},
{"class_number":"0401","description":"NSBA Novice Amateur Horsemanship Oct 21","fees":[{"description":"Entry Fee","fee":68}]},
{"class_number":"3408","description":"Novice Amateur Select Horsemanship Oct 21","fees":[{"description":"Entry Fee","fee":65}]},
{"class_number":"0340","description":"NSBA Novice Amateur Select Horsemanship Oct 21","fees":[{"description":"Entry Fee","fee":68}]},
{"class_number":"4409","description":"Youth Horsemanship 15 - 18 Oct 24","fees":[{"description":"Entry Fee","fee":35}]},
{"class_number":"0409","description":"NSBA Youth Horsemanship 15 - 18 Oct 24","fees":[{"description":"Entry Fee","fee":38}]},
{"class_number":"2408","description":"Amateur Select Horsemanship Presented by: John Deere Oct 24","fees":[{"description":"Entry Fee","fee":65}]},
{"class_number":"0408","description":"NSBA Amateur Select Horsemanship Presented by: John Deere Oct 24","fees":[{"description":"Entry Fee","fee":68}]},
{"class_number":"2400","description":"Amateur Horsemanship Oct 25","fees":[{"description":"Entry Fee","fee":65}]},
{"class_number":"0400","description":"NSBA Amateur Horsemanship Oct 25","fees":[{"description":"Entry Fee","fee":68}]},
{"class_number":"5408","description":"Novice Youth Horsemanship 14 - 18 Oct 25","fees":[{"description":"Entry Fee","fee":35}]},
{"class_number":"0404","description":"NSBA Novice Youth Horsemanship 14 - 18 Oct 25","fees":[{"description":"Entry Fee","fee":38}]},
{"class_number":"8803","description":"Small Fry Equitation Oct 17","fees":[{"description":"Entry Fee","fee":35}]},
{"class_number":"0803","description":"NSBA Small Fry Equitation Oct 17","fees":[{"description":"Entry Fee","fee":38}]},
{"class_number":"4529","description":"Youth Equitation 15 - 18 Oct 20","fees":[{"description":"Entry Fee","fee":35}]},
{"class_number":"0529","description":"NSBA Youth Equitation 15 - 18 Oct 20","fees":[{"description":"Entry Fee","fee":38}]},
{"class_number":"4525","description":"Youth Equitation 11 & Under Oct 22","fees":[{"description":"Entry Fee","fee":35}]},
{"class_number":"0525","description":"NSBA Youth Equitation 11 & Under Oct 22","fees":[{"description":"Entry Fee","fee":38}]},
{"class_number":"5527","description":"Novice Youth Equitation 13 & Under Oct 22","fees":[{"description":"Entry Fee","fee":35}]},
{"class_number":"0527","description":"NSBA Novice Youth Equitation 13 & Under Oct 22","fees":[{"description":"Entry Fee","fee":38}]},
{"class_number":"3528","description":"Novice Amateur Select Equitation Oct 25","fees":[{"description":"Entry Fee","fee":65}]},
{"class_number":"0352","description":"NSBA Novice Amateur Select Equitation Oct 25","fees":[{"description":"Entry Fee","fee":68}]},
{"class_number":"3520","description":"Novice Amateur Equitation Oct 26","fees":[{"description":"Entry Fee","fee":65}]},
{"class_number":"0521","description":"NSBA Novice Amateur Equitation Oct 26","fees":[{"description":"Entry Fee","fee":68}]},
{"class_number":"4526","description":"Youth Equitation 12 - 14 Oct 26","fees":[{"description":"Entry Fee","fee":35}]},
{"class_number":"0526","description":"NSBA Youth Equitation 12 - 14 Oct 26","fees":[{"description":"Entry Fee","fee":38}]},
{"class_number":"5528","description":"Novice Youth Equitation 14 - 18 Oct 26","fees":[{"description":"Entry Fee","fee":35}]},
{"class_number":"0524","description":"NSBA Novice Youth Equitation 14 - 18 Oct 26","fees":[{"description":"Entry Fee","fee":38}]},
{"class_number":"2520","description":"Amateur Equitation Oct 27","fees":[{"description":"Entry Fee","fee":65}]},
{"class_number":"0520","description":"NSBA Amateur Equitation Oct 27","fees":[{"description":"Entry Fee","fee":68}]},
{"class_number":"2528","description":"Amateur Select Equitation Oct 29","fees":[{"description":"Entry Fee","fee":65}]},
{"class_number":"0528","description":"NSBA Amateur Select Equitation Oct 29","fees":[{"description":"Entry Fee","fee":68}]},
{"class_number":"5510","description":"Novice Youth Hunter Hack Oct 17","fees":[{"description":"Entry Fee","fee":35},{"description":"Fence Fee","fee":10}]},
{"class_number":"0551","description":"NSBA Novice Youth Hunter Hack Oct 17","fees":[{"description":"Entry Fee","fee":38}]},
{"class_number":"4518","description":"Youth Hunter Hack 14 - 18 Oct 17","fees":[{"description":"Entry Fee","fee":35},{"description":"Fence Fee","fee":10}]},
{"class_number":"0518","description":"NSBA Youth Hunter Hack 14 - 18 Oct 17","fees":[{"description":"Entry Fee","fee":38}]},
{"class_number":"4517","description":"Youth Hunter Hack 13 & Under Oct 17","fees":[{"description":"Entry Fee","fee":35},{"description":"Fence Fee","fee":10}]},
{"class_number":"0517","description":"NSBA Youth Hunter Hack 13 & Under Oct 17","fees":[{"description":"Entry Fee","fee":38}]},
{"class_number":"2510","description":"Amateur Hunter Hack Oct 17","fees":[{"description":"Entry Fee","fee":65},{"description":"Fence Fee","fee":10}]},
{"class_number":"0510","description":"NSBA Amateur Hunter Hack Oct 17","fees":[{"description":"Entry Fee","fee":68}]},
{"class_number":"3510","description":"Novice Amateur Hunter Hack Oct 17","fees":[{"description":"Entry Fee","fee":65},{"description":"Fence Fee","fee":10}]},
{"class_number":"0351","description":"NSBA Novice Amateur Hunter Hack Oct 17","fees":[{"description":"Entry Fee","fee":68}]},
{"class_number":"1511","description":"Junior Hunter Hack Oct 18","fees":[{"description":"Entry Fee","fee":65},{"description":"Fence Fee","fee":10}]},
{"class_number":"0511","description":"NSBA Junior Hunter Hack Oct 18","fees":[{"description":"Entry Fee","fee":68}]},
{"class_number":"2518","description":"Amateur Select Hunter Hack Oct 18","fees":[{"description":"Entry Fee","fee":65},{"description":"Fence Fee","fee":10}]},
{"class_number":"0519","description":"NSBA Amateur Select Hunter Hack Oct 18","fees":[{"description":"Entry Fee","fee":68}]},
{"class_number":"1512","description":"Senior Hunter Hack Oct 18","fees":[{"description":"Entry Fee","fee":65},{"description":"Fence Fee","fee":10}]},
{"class_number":"0512","description":"NSBA Senior Hunter Hack Oct 18","fees":[{"description":"Entry Fee","fee":68}]},
{"class_number":"8812","description":"Small Fry Hunter Under Saddle Oct 17","fees":[{"description":"Entry Fee","fee":35}]},
{"class_number":"0812","description":"NSBA Small Fry Hunter Under Saddle Oct 17","fees":[{"description":"Entry Fee","fee":38}]},
{"class_number":"8820","description":"Maturity Non Pro Hunter Under Saddle Stakes/NSBA Oct 18, 20","fees":[{"description":"Entry Fee","fee":400}]},
{"class_number":"8821","description":"Maturity Non Pro Hunter Under Saddle Oct 18 Stakes/NSBA - Limited","fees":[{"description":"Entry Fee","fee":0}]},
{"class_number":"8845","description":"Maturity Open Hunter Under Saddle Stakes/NSBA Oct 18, 21","fees":[{"description":"Entry Fee","fee":400}]},
{"class_number":"8846","description":"Maturity Open Hunter Under Saddle Oct 18, 19 Stakes/NSBA - Limited","fees":[{"description":"Entry Fee","fee":0}]},
{"class_number":"1441","description":"Junior Hunter Under Saddl Oct 19","fees":[{"description":"Entry Fee","fee":65}]},
{"class_number":"0441","description":"NSBA Junior Hunter Under Saddl Oct 19","fees":[{"description":"Entry Fee","fee":68}]},
{"class_number":"1442","description":"Senior Hunter Under Saddl Oct 19","fees":[{"description":"Entry Fee","fee":65}]},
{"class_number":"0442","description":"NSBA Senior Hunter Under Saddl Oct 19","fees":[{"description":"Entry Fee","fee":68}]},
{"class_number":"8850","description":"3 Year Old Non Pro HUS Stakes/NSBA Oct 20, 25","fees":[{"description":"Entry Fee","fee":400}]},
{"class_number":"8851","description":"3 Year Old Non Pro HUS Stakes/NSBA - Limited Oct 20","fees":[{"description":"Entry Fee","fee":0}]},
{"class_number":"8852","description":"SBB 3 Year Old Non Pro HUS Stakes/NSBA Oct 20, 25","fees":[{"description":"Entry Fee","fee":200}]},
{"class_number":"8853","description":"SBB 3 Year Old Non Pro HUS Stakes/NSBA - Limited Oct 20","fees":[{"description":"Entry Fee","fee":0}]},
{"class_number":"8858","description":"SBB 2 Year Old Open Hunter Under Saddle Oct 20, 23 Stakes/NSBA - Limited","fees":[{"description":"Entry Fee","fee":0}]},
{"class_number":"8859","description":"SBB 2 Year Old Open Hunter Under Saddle Stakes/NSBA Oct 20, 23, 27","fees":[{"description":"Entry Fee","fee":300}]},
{"class_number":"8860","description":"2 Year Old Open Hunter Under Saddle Stakes/NSBA Oct 20, 23, 27","fees":[{"description":"Entry Fee","fee":450}]},
{"class_number":"8861","description":"2 Year Old Open Hunter Under Saddle Oct 20, 23 Stakes/NSBA - Limited","fees":[{"description":"Entry Fee","fee":0}]},
{"class_number":"4445","description":"Youth Hunter Under Saddle 11 & Under Oct 20","fees":[{"description":"Entry Fee","fee":35}]},
{"class_number":"0445","description":"NSBA Youth Hunter Under Saddle 11 & Under Oct 20","fees":[{"description":"Entry Fee","fee":38}]},
{"class_number":"5448","description":"Novice Youth Hunter Under Saddle 14 - 18 Oct 21","fees":[{"description":"Entry Fee","fee":35}]},
{"class_number":"0444","description":"NSBA Novice Youth Hunter Under Saddle 14 - 18 Oct 21","fees":[{"description":"Entry Fee","fee":38}]},
{"class_number":"9910","description":"3 Year Old Open Hunter Under Saddle Futurity/NSBA Oct 21, 24, 29","fees":[{"description":"Entry Fee","fee":350}]},
{"class_number":"9911","description":"3 Year Old Open Hunter Under Saddle Oct 21, 24, 25 Futurity/NSBA - Limited","fees":[{"description":"Entry Fee","fee":0}]},
{"class_number":"9912","description":"SBB 3 Year Old Open Hunter Under Saddle Futurity/NSBA Oct 21, 24, 29","fees":[{"description":"Entry Fee","fee":300}]},
{"class_number":"9913","description":"SBB 3 Year Old Open Hunter Under Saddle Oct 21, 24, 25 Futurity/NSBA - Limited","fees":[{"description":"Entry Fee","fee":0}]},
{"class_number":"1443","description":"Green Hunter Under Saddle Oct 23","fees":[{"description":"Entry Fee","fee":65}]},
{"class_number":"0443","description":"NSBA Green Hunter Under Saddle Oct 23","fees":[{"description":"Entry Fee","fee":68}]},
{"class_number":"3440","description":"Novice Amateur Hunter Under Saddle Oct 24","fees":[{"description":"Entry Fee","fee":65}]},
{"class_number":"0439","description":"NSBA Novice Amateur Hunter Under Saddle Oct 24","fees":[{"description":"Entry Fee","fee":68}]},
{"class_number":"5447","description":"Novice Youth Hunter Under Saddle 13 & Under Oct 25","fees":[{"description":"Entry Fee","fee":35}]},
{"class_number":"0447","description":"NSBA Novice Youth Hunter Under Saddle 13 & Under Oct 25","fees":[{"description":"Entry Fee","fee":38}]},
{"class_number":"4446","description":"Youth Hunter Under Saddle 12 - 14 Oct 26","fees":[{"description":"Entry Fee","fee":35}]},
{"class_number":"0446","description":"NSBA Youth Hunter Under Saddle 12 - 14 Oct 26","fees":[{"description":"Entry Fee","fee":38}]},
{"class_number":"4449","description":"Youth Hunter Under Saddle 15 - 18 Oct 26","fees":[{"description":"Entry Fee","fee":35}]},
{"class_number":"0449","description":"NSBA Youth Hunter Under Saddle 15 - 18 Oct 26","fees":[{"description":"Entry Fee","fee":38}]},
{"class_number":"3448","description":"Novice Amateur Select Hunter Under Saddle Oct 26","fees":[{"description":"Entry Fee","fee":65}]},
{"class_number":"0344","description":"NSBA Novice Amateur Select Hunter Under Saddle Oct 26","fees":[{"description":"Entry Fee","fee":68}]},
{"class_number":"2440","description":"Amateur Hunter Under Saddle Oct 27","fees":[{"description":"Entry Fee","fee":65}]},
{"class_number":"0440","description":"NSBA Amateur Hunter Under Saddle Oct 27","fees":[{"description":"Entry Fee","fee":68}]},
{"class_number":"8847","description":"2 Year Old Non Pro HUS Stakes/NSBA Oct 28, 29","fees":[{"description":"Entry Fee","fee":0}]},
{"class_number":"8848","description":"2 Year Old Non Pro HUS Stakes/NSBA - Limited Oct 28","fees":[{"description":"Entry Fee","fee":400}]},
{"class_number":"2448","description":"Amateur Select Hunter Under Saddle Oct 29","fees":[{"description":"Entry Fee","fee":65}]},
{"class_number":"0448","description":"NSBA Amateur Select Hunter Under Saddle Oct 29","fees":[{"description":"Entry Fee","fee":68}]},
{"class_number":"4480","description":"Youth Jumping Oct 17","fees":[{"description":"Entry Fee","fee":35},{"description":"Fence Fee","fee":10}]},
{"class_number":"0478","description":"NSBA Youth Jumping Oct 17","fees":[{"description":"Entry Fee","fee":38}]},
{"class_number":"2480","description":"Amateur Jumping Oct 17","fees":[{"description":"Entry Fee","fee":65},{"description":"Fence Fee","fee":10}]},
{"class_number":"0479","description":"NSBA Amateur Jumping Oct 17","fees":[{"description":"Entry Fee","fee":68}]},
{"class_number":"1480","description":"Jumping Oct 17","fees":[{"description":"Entry Fee","fee":65},{"description":"Fence Fee","fee":10}]},
{"class_number":"0480","description":"NSBA Jumping Oct 17","fees":[{"description":"Entry Fee","fee":68}]},
{"class_number":"8601","description":"Non Pro Western Yearling Longe Line Stakes/NSBA Oct 15","fees":[{"description":"Entry Fee","fee":250}]},
{"class_number":"8607","description":"SBB Non Pro Western Yearling Longe Line Stakes/NSBA Oct 15","fees":[{"description":"Entry Fee","fee":150}]},
{"class_number":"8602","description":"Non Pro English Yearling Longe Line Stakes/NSBA Oct 16","fees":[{"description":"Entry Fee","fee":250}]},
{"class_number":"8608","description":"SBB Non Pro English Yearling Longe Line Stakes/NSBA Oct 16","fees":[{"description":"Entry Fee","fee":100}]},
{"class_number":"8600","description":"Open Western Yearling Longe Line Stakes/NSBA Oct 17","fees":[{"description":"Entry Fee","fee":350}]},
{"class_number":"8606","description":"SBB Open Western Yearling Longe Line Stakes/NSBA Oct 17","fees":[{"description":"Entry Fee","fee":150}]},
{"class_number":"8605","description":"Open English Yearling Longe Line Stakes/NSBA Oct 17","fees":[{"description":"Entry Fee","fee":350}]},
{"class_number":"8609","description":"SBB Open English Yearling Longe Line Stakes/NSBA Oct 17","fees":[{"description":"Entry Fee","fee":100}]},
{"class_number":"1541","description":"Junior Pleasure Driving Oct 18","fees":[{"description":"Entry Fee","fee":65}]},
{"class_number":"1542","description":"Senior Pleasure Driving Oct 19","fees":[{"description":"Entry Fee","fee":65}]},
{"class_number":"2540","description":"Amateur Pleasure Driving Oct 19","fees":[{"description":"Entry Fee","fee":65}]},
{"class_number":"4308","description":"Youth Pole Bending 14-18 Oct 27","fees":[{"description":"Entry Fee","fee":35}]},
{"class_number":"4307","description":"Youth Pole Bending 13 & Under Oct 27","fees":[{"description":"Entry Fee","fee":35}]},
{"class_number":"1302","description":"Senior Pole Bending Oct 28","fees":[{"description":"Entry Fee","fee":65}]},
{"class_number":"1301","description":"Junior Pole Bending Oct 28","fees":[{"description":"Entry Fee","fee":65}]},
{"class_number":"5300","description":"Novice Youth Pole Bending Oct 29","fees":[{"description":"Entry Fee","fee":35}]},
{"class_number":"2300","description":"Amateur Pole Bending Oct 29","fees":[{"description":"Entry Fee","fee":65}]},
{"class_number":"2308","description":"Amateur Select Pole Bending Presented by: John Deere Oct 30","fees":[{"description":"Entry Fee","fee":65}]},
{"class_number":"3300","description":"Novice Amateur Pole Bending Oct 30","fees":[{"description":"Entry Fee","fee":65}]},
{"class_number":"1432","description":"Sr Ranch Riding Oct 14","fees":[{"description":"Entry Fee","fee":65}]},
{"class_number":"0132","description":"NSBA Sr Ranch Riding Oct 14","fees":[{"description":"Entry Fee","fee":68}]},
{"class_number":"1431","description":"Jr Ranch Riding Oct 14","fees":[{"description":"Entry Fee","fee":65}]},
{"class_number":"0131","description":"NSBA Jr Ranch Riding Oct 14","fees":[{"description":"Entry Fee","fee":68}]},
{"class_number":"2430","description":"Amateur Ranch Riding Oct 14","fees":[{"description":"Entry Fee","fee":65}]},
{"class_number":"0431","description":"NSBA Amateur Ranch Riding Oct 14","fees":[{"description":"Entry Fee","fee":68}]},
{"class_number":"4430","description":"Youth Ranch Riding Oct 14","fees":[{"description":"Entry Fee","fee":35}]},
{"class_number":"0432","description":"NSBA Youth Ranch Riding Oct 14","fees":[{"description":"Entry Fee","fee":38}]},
{"class_number":"1220","description":"Dally Team Roping - Heading Oct 12","fees":[{"description":"Entry Fee","fee":65},{"description":"Cattle Fee","fee":85}]},
{"class_number":"1240","description":"Dally Team Roping - Heeling Oct 12","fees":[{"description":"Entry Fee","fee":65},{"description":"Cattle Fee","fee":85}]},
{"class_number":"4220","description":"Youth Dally Team Roping - Heading Oct 12","fees":[{"description":"Entry Fee","fee":35},{"description":"Cattle Fee","fee":20}]},
{"class_number":"4240","description":"Youth Dally Team Roping - Heeling Oct 12","fees":[{"description":"Entry Fee","fee":35},{"description":"Cattle Fee","fee":20}]},
{"class_number":"2220","description":"Amateur Dally Team Roping - Heading Oct 12","fees":[{"description":"Entry Fee","fee":65},{"description":"Cattle Fee","fee":85}]},
{"class_number":"2240","description":"Amateur Dally Team Roping - Heeling Oct 12","fees":[{"description":"Entry Fee","fee":65},{"description":"Cattle Fee","fee":85}]},
{"class_number":"0040","description":"Team Roping Challenge Presented by: Cinch Oct 12","fees":[{"description":"Entry Fee","fee":65},{"description":"Cattle Fee","fee":85}]},
{"class_number":"0041","description":"Team Roping Challenge Amateur Presented by: Cinch Oct 12","fees":[{"description":"Entry Fee","fee":65},{"description":"Cattle Fee","fee":85}]},
{"class_number":"8855","description":"Congress Tie-Down Roping Classic American Qualifier Oct 12","fees":[{"description":"Entry Fee","fee":65},{"description":"Cattle Fee","fee":85}]},
{"class_number":"1180","description":"Calf Roping Oct 13","fees":[{"description":"Entry Fee","fee":65},{"description":"Cattle Fee","fee":85}]},
{"class_number":"2180","description":"Amateur Calf Roping Oct 13","fees":[{"description":"Entry Fee","fee":65},{"description":"Cattle Fee","fee":85}]},
{"class_number":"4180","description":"Youth Calf Roping Oct 13","fees":[{"description":"Entry Fee","fee":35},{"description":"Cattle Fee","fee":20}]},
{"class_number":"2200","description":"Amateur Breakaway Roping Oct 13","fees":[{"description":"Entry Fee","fee":65},{"description":"Cattle Fee","fee":85}]},
{"class_number":"4200","description":"Youth Breakaway Roping Oct 13","fees":[{"description":"Entry Fee","fee":35},{"description":"Cattle Fee","fee":20}]},
{"class_number":"8801","description":"Small Fry Showmanship Oct 15","fees":[{"description":"Entry Fee","fee":35}]},
{"class_number":"0801","description":"NSBA Small Fry Showmanship Oct 15","fees":[{"description":"Entry Fee","fee":38}]},
{"class_number":"4129","description":"Youth Showmanship 15 -18 Oct 22","fees":[{"description":"Entry Fee","fee":35}]},
{"class_number":"0129","description":"NSBA Youth Showmanship 15 -18 Oct 22","fees":[{"description":"Entry Fee","fee":38}]},
{"class_number":"4126","description":"Youth Showmanship 12 -14 Oct 22","fees":[{"description":"Entry Fee","fee":35}]},
{"class_number":"0126","description":"NSBA Youth Showmanship 12 -14 Oct 22","fees":[{"description":"Entry Fee","fee":38}]},
{"class_number":"4125","description":"Youth Showmanship 11 & Under Oct 22","fees":[{"description":"Entry Fee","fee":35}]},
{"class_number":"0125","description":"NSBA Youth Showmanship 11 & Under Oct 22","fees":[{"description":"Entry Fee","fee":38}]},
{"class_number":"5128","description":"Novice Youth Showmanship 14 -18 Oct 25","fees":[{"description":"Entry Fee","fee":35}]},
{"class_number":"0124","description":"NSBA Novice Youth Showmanship 14 -18 Oct 25","fees":[{"description":"Entry Fee","fee":38}]},
{"class_number":"5127","description":"Novice Youth Showmanship 13 & Under Oct 25","fees":[{"description":"Entry Fee","fee":35}]},
{"class_number":"0127","description":"NSBA Novice Youth Showmanship 13 & Under Oct 25","fees":[{"description":"Entry Fee","fee":38}]},
{"class_number":"3120","description":"Novice Amateur Showmanship Oct 25","fees":[{"description":"Entry Fee","fee":35}]},
{"class_number":"0121","description":"NSBA Novice Amateur Showmanship Oct 25","fees":[{"description":"Entry Fee","fee":38}]},
{"class_number":"3128","description":"Novice Amateur Select Showmanship Oct 25","fees":[{"description":"Entry Fee","fee":35}]},
{"class_number":"0312","description":"NSBA Novice Amateur Select Showmanship Oct 25","fees":[{"description":"Entry Fee","fee":38}]},
{"class_number":"2120","description":"Amateur Showmanship Oct 26","fees":[{"description":"Entry Fee","fee":35}]},
{"class_number":"0120","description":"NSBA Amateur Showmanship Oct 26","fees":[{"description":"Entry Fee","fee":38}]},
{"class_number":"2128","description":"Amateur Select Showmanship Oct 26","fees":[{"description":"Entry Fee","fee":35}]},
{"class_number":"0128","description":"NSBA Amateur Select Showmanship Oct 26","fees":[{"description":"Entry Fee","fee":38}]},
{"class_number":"8801","description":"Small Fry Showmanship Oct 15","fees":[{"description":"Entry Fee","fee":35}]},
{"class_number":"0801","description":"NSBA Small Fry Showmanship Oct 15","fees":[{"description":"Entry Fee","fee":38}]},
{"class_number":"8800","description":"Small Fry Western Horsemanship Oct 15","fees":[{"description":"Entry Fee","fee":35}]},
{"class_number":"0800","description":"NSBA Small Fry Western Horsemanship Oct 15","fees":[{"description":"Entry Fee","fee":38}]},
{"class_number":"8802","description":"Small Fry Trail Oct 16","fees":[{"description":"Entry Fee","fee":35},{"description":"Trail Equipment & Warm-up Fee","fee":25}]},
{"class_number":"0802","description":"NSBA Small Fry Trail Oct 16","fees":[{"description":"Entry Fee","fee":38},{"description":"Trail Equipment & Warm-up Fee","fee":25}]},
{"class_number":"8804","description":"Small Fry Western Pleasure Oct 16","fees":[{"description":"Entry Fee","fee":35}]},
{"class_number":"0804","description":"NSBA Small Fry Western Pleasure Oct 16","fees":[{"description":"Entry Fee","fee":38}]},
{"class_number":"8812","description":"Small Fry Hunter Under Saddle Oct 17","fees":[{"description":"Entry Fee","fee":35}]},
{"class_number":"0812","description":"NSBA Small Fry Hunter Under Saddle Oct 17","fees":[{"description":"Entry Fee","fee":38}]},
{"class_number":"8803","description":"Small Fry Hunt Seat Equitation Oct 17","fees":[{"description":"Entry Fee","fee":35}]},
{"class_number":"0803","description":"NSBA Small Fry Hunt Seat Equitation Oct 17","fees":[{"description":"Entry Fee","fee":38}]},
{"class_number":"8802","description":"Small Fry Trail Oct 16","fees":[{"description":"Entry Fee","fee":35},{"description":"Trail Equipment & Warm-up Fee","fee":25}]},
{"class_number":"0802","description":"NSBA Small Fry Trail Oct 16","fees":[{"description":"Entry Fee","fee":38}]},
{"class_number":"1389","description":"Senior Green Trail Oct 20","fees":[{"description":"Entry Fee","fee":65},{"description":"Trail Equipment & Warm-up Fee","fee":25}]},
{"class_number":"0189","description":"NSBA Senior Green Trail Oct 20","fees":[{"description":"Entry Fee","fee":68}]},
{"class_number":"5387","description":"Novice Youth Trail 13 & Under Oct 20","fees":[{"description":"Entry Fee","fee":35},{"description":"Trail Equipment & Warm-up Fee","fee":25}]},
{"class_number":"0387","description":"NSBA Novice Youth Trail 13 & Under Oct 20","fees":[{"description":"Entry Fee","fee":38}]},
{"class_number":"1388","description":"Junior Green Trail Oct 20","fees":[{"description":"Entry Fee","fee":65},{"description":"Trail Equipment & Warm-up Fee","fee":25}]},
{"class_number":"0188","description":"NSBA Junior Green Trail Oct 20","fees":[{"description":"Entry Fee","fee":68}]},
{"class_number":"1381","description":"Junior Trail Oct 21","fees":[{"description":"Entry Fee","fee":65},{"description":"Trail Equipment & Warm-up Fee","fee":25}]},
{"class_number":"0381","description":"NSBA Junior Trail Oct 21","fees":[{"description":"Entry Fee","fee":68}]},
{"class_number":"5388","description":"Novice Youth Trail 14-18 Oct 21","fees":[{"description":"Entry Fee","fee":35},{"description":"Trail Equipment & Warm-up Fee","fee":25}]},
{"class_number":"0384","description":"NSBA Novice Youth Trail 14-18 Oct 21","fees":[{"description":"Entry Fee","fee":38}]},
{"class_number":"4389","description":"Youth Trail 15 - 18 Oct 24","fees":[{"description":"Entry Fee","fee":35},{"description":"Trail Equipment & Warm-up Fee","fee":25}]},
{"class_number":"0389","description":"NSBA Youth Trail 15 - 18 Oct 24","fees":[{"description":"Entry Fee","fee":38}]},
{"class_number":"4386","description":"Youth Trail 12 - 14 Oct 24","fees":[{"description":"Entry Fee","fee":35},{"description":"Trail Equipment & Warm-up Fee","fee":25}]},
{"class_number":"0386","description":"NSBA Youth Trail 12 - 14 Oct 24","fees":[{"description":"Entry Fee","fee":38}]},
{"class_number":"4385","description":"Youth Trail 11 & Under Oct 24","fees":[{"description":"Entry Fee","fee":35},{"description":"Trail Equipment & Warm-up Fee","fee":25}]},
{"class_number":"0385","description":"NSBA Youth Trail 11 & Under Oct 24","fees":[{"description":"Entry Fee","fee":38}]},
{"class_number":"8832","description":"4 & 5 Year Old Open Trail Stakes/NSBA Oct 26","fees":[{"description":"Entry Fee","fee":400},{"description":"Trail Equipment & Warm-up Fee","fee":25}]},
{"class_number":"8831","description":"3 Year Old Open Trail Stakes/NSBA Oct 26","fees":[{"description":"Entry Fee","fee":350},{"description":"Trail Equipment & Warm-up Fee","fee":25}]},
{"class_number":"1382","description":"Senior Trail Oct 27","fees":[{"description":"Entry Fee","fee":65},{"description":"Trail Equipment & Warm-up Fee","fee":25}]},
{"class_number":"0382","description":"NSBA Senior Trail Oct 27","fees":[{"description":"Entry Fee","fee":68}]},
{"class_number":"3380","description":"Novice Amateur Trail Oct 27","fees":[{"description":"Entry Fee","fee":65},{"description":"Trail Equipment & Warm-up Fee","fee":25}]},
{"class_number":"0379","description":"NSBA Novice Amateur Trail Oct 27","fees":[{"description":"Entry Fee","fee":68}]},
{"class_number":"2380","description":"Amateur Trail Oct 28","fees":[{"description":"Entry Fee","fee":65},{"description":"Trail Equipment & Warm-up Fee","fee":25}]},
{"class_number":"0380","description":"NSBA Amateur Trail Oct 28","fees":[{"description":"Entry Fee","fee":68}]},
{"class_number":"2388","description":"Amateur Select Trail Presented by: John Deere Oct 28","fees":[{"description":"Entry Fee","fee":65},{"description":"Trail Equipment & Warm-up Fee","fee":25}]},
{"class_number":"0388","description":"NSBA Amateur Select Trail Presented by: John Deere Oct 28","fees":[{"description":"Entry Fee","fee":68}]},
{"class_number":"8804","description":"Small Fry Western Pleasure Oct 16","fees":[{"description":"Entry Fee","fee":35}]},
{"class_number":"0804","description":"NSBA Small Fry Western Pleasure Oct 16","fees":[{"description":"Entry Fee","fee":38}]},
{"class_number":"8835","description":"Maturity Non Pro Western Pleasure Stakes/NSBA Oct 17, 22","fees":[{"description":"Entry Fee","fee":400}]},
{"class_number":"8836","description":"Maturity Non Pro Western Pleasure Stakes/NSBA - Limited Oct 17, 19","fees":[{"description":"Entry Fee","fee":0}]},
{"class_number":"8837","description":"Maturity $10,000 Limited Horse Open WP Stakes/NSBA Oct 18, 20","fees":[{"description":"Entry Fee","fee":400}]},
{"class_number":"8838","description":"Maturity $10,000 Limited Horse Open WP Oct 18, 19","fees":[{"description":"Entry Fee","fee":0}]},
{"class_number":"8839","description":"SBB Maturity $10,000 Limited Horse Open WP Stakes/NSBA Oct 18, 20","fees":[{"description":"Entry Fee","fee":200}]},
{"class_number":"8834","description":"SBB Maturity $10,000 Limited Horse Oct 18, 19","fees":[{"description":"Entry Fee","fee":0}]},
{"class_number":"1424","description":"Green Western Pleasure Oct 18","fees":[{"description":"Entry Fee","fee":65}]},
{"class_number":"0423","description":"NSBA Green Western Pleasure Oct 18","fees":[{"description":"Entry Fee","fee":68}]},
{"class_number":"9925","description":"Open Western Pleasure Maturity Futurity/NSBA Oct 18, 20, 22","fees":[{"description":"Entry Fee","fee":65}]},
{"class_number":"9926","description":"Open Western Pleasure Maturity Futurity/NSBA - Limited Oct 18, 20, 21","fees":[{"description":"Entry Fee","fee":68}]},
{"class_number":"5428","description":"Novice Youth Western Pleasure 14 - 18 Oct 22","fees":[{"description":"Entry Fee","fee":35}]},
{"class_number":"0424","description":"NSBA Novice Youth Western Pleasure 14 - 18 Oct 22","fees":[{"description":"Entry Fee","fee":38}]},
{"class_number":"3420","description":"Novice Amateur Western Pleasure Oct 23","fees":[{"description":"Entry Fee","fee":65}]},
{"class_number":"0419","description":"NSBA Novice Amateur Western Pleasure Oct 23","fees":[{"description":"Entry Fee","fee":68}]},
{"class_number":"3428","description":"Novice Amateur Select Western Pleasure Oct 23","fees":[{"description":"Entry Fee","fee":65}]},
{"class_number":"0342","description":"NSBA Novice Amateur Select Western Pleasure Oct 23","fees":[{"description":"Entry Fee","fee":68}]},
{"class_number":"4426","description":"Youth Western Pleasure 12 - 14 Oct 24","fees":[{"description":"Entry Fee","fee":35}]},
{"class_number":"0426","description":"NSBA Youth Western Pleasure 12 - 14 Oct 24","fees":[{"description":"Entry Fee","fee":38}]},
{"class_number":"1421","description":"Junior Western Pleasure Oct 24","fees":[{"description":"Entry Fee","fee":65}]},
{"class_number":"0421","description":"NSBA Junior Western Pleasure Oct 24","fees":[{"description":"Entry Fee","fee":68}]},
{"class_number":"4429","description":"Youth Western Pleasure 15 - 18 Oct 25","fees":[{"description":"Entry Fee","fee":35}]},
{"class_number":"0429","description":"NSBA Youth Western Pleasure 15 - 18 Oct 25","fees":[{"description":"Entry Fee","fee":38}]},
{"class_number":"5427","description":"Novice Youth Western Pleasure 13 & Under Oct 26","fees":[{"description":"Entry Fee","fee":35}]},
{"class_number":"0427","description":"NSBA Novice Youth Western Pleasure 13 & Under Oct 26","fees":[{"description":"Entry Fee","fee":38}]},
{"class_number":"2428","description":"Select Western Pleasure Oct 26","fees":[{"description":"Entry Fee","fee":65}]},
{"class_number":"0428","description":"NSBA Select Western Pleasure Oct 26","fees":[{"description":"Entry Fee","fee":68}]},
{"class_number":"2420","description":"Amateur Western Pleasure Oct 28","fees":[{"description":"Entry Fee","fee":65}]},
{"class_number":"0420","description":"NSBA Amateur Western Pleasure Oct 28","fees":[{"description":"Entry Fee","fee":68}]},
{"class_number":"1362","description":"Senior Western Riding Oct 18","fees":[{"description":"Entry Fee","fee":65}]},
{"class_number":"0362","description":"NSBA Senior Western Riding Oct 18","fees":[{"description":"Entry Fee","fee":68}]},
{"class_number":"1361","description":"Junior Western Riding Oct 18","fees":[{"description":"Entry Fee","fee":65}]},
{"class_number":"0361","description":"NSBA Junior Western Riding Oct 18","fees":[{"description":"Entry Fee","fee":68}]},
{"class_number":"5367","description":"Novice Youth Western Riding 13 & Under Oct 19","fees":[{"description":"Entry Fee","fee":35}]},
{"class_number":"0363","description":"NSBA Novice Youth Western Riding 13 & Under Oct 19","fees":[{"description":"Entry Fee","fee":38}]},
{"class_number":"5368","description":"Novice Youth Western Riding 14 - 18 Oct 19","fees":[{"description":"Entry Fee","fee":35}]},
{"class_number":"0364","description":"NSBA Novice Youth Western Riding 14 - 18 Oct 19","fees":[{"description":"Entry Fee","fee":38}]},
{"class_number":"4367","description":"Youth Western Riding 13 & Under Oct 21","fees":[{"description":"Entry Fee","fee":35}]},
{"class_number":"0367","description":"NSBA Youth Western Riding 13 & Under Oct 21","fees":[{"description":"Entry Fee","fee":38}]},
{"class_number":"4368","description":"Youth Western Riding 14 - 18 Oct 22","fees":[{"description":"Entry Fee","fee":35}]},
{"class_number":"0368","description":"NSBA Youth Western Riding 14 - 18 Oct 22","fees":[{"description":"Entry Fee","fee":38}]},
{"class_number":"1363","description":"Green Western Riding Oct 25","fees":[{"description":"Entry Fee","fee":65}]},
{"class_number":"0365","description":"NSBA Green Western Riding Oct 25","fees":[{"description":"Entry Fee","fee":68}]},
{"class_number":"2368","description":"Amateur Select Western Riding Oct 28","fees":[{"description":"Entry Fee","fee":65}]},
{"class_number":"0358","description":"NSBA Amateur Select Western Riding Oct 28","fees":[{"description":"Entry Fee","fee":68}]},
{"class_number":"3360","description":"Novice Amateur Western Riding Oct 28","fees":[{"description":"Entry Fee","fee":65}]},
{"class_number":"0359","description":"NSBA Novice Amateur Western Riding Oct 28","fees":[{"description":"Entry Fee","fee":68}]},
{"class_number":"2360","description":"Amateur Western Riding Oct 29","fees":[{"description":"Entry Fee","fee":65}]},
{"class_number":"0360","description":"NSBA Amateur Western Riding Oct 29","fees":[{"description":"Entry Fee","fee":68}]},
{"class_number":"0038","description":"2’6” Working Hunter Warm Up Oct 15","fees":[{"description":"Entry Fee","fee":40}]},
{"class_number":"0039","description":"2’6” Working Hunter Warm Up Non Pro Oct 15","fees":[{"description":"Entry Fee","fee":40}]},
{"class_number":"0036","description":"3’ Working Hunter Warm Up Oct 15","fees":[{"description":"Entry Fee","fee":40}]},
{"class_number":"0037","description":"3’ Working Hunter Warm Up Non Pro Oct 15","fees":[{"description":"Entry Fee","fee":40}]},
{"class_number":"3500","description":"Novice Amateur Working Hunter Oct 15","fees":[{"description":"Entry Fee","fee":65},{"description":"Fence Fee","fee":10}]},
{"class_number":"0350","description":"NSBA Novice Amateur Working Hunter Oct 15","fees":[{"description":"Entry Fee","fee":68}]},
{"class_number":"5500","description":"Novice Youth Working Hunter Oct 15","fees":[{"description":"Entry Fee","fee":35},{"description":"Fence Fee","fee":10}]},
{"class_number":"0550","description":"NSBA Novice Youth Working Hunter Oct 15","fees":[{"description":"Entry Fee","fee":38}]},
{"class_number":"2500","description":"Amateur Working Hunter Oct 15","fees":[{"description":"Entry Fee","fee":65},{"description":"Fence Fee","fee":10}]},
{"class_number":"0500","description":"NSBA Amateur Working Hunter Oct 15","fees":[{"description":"Entry Fee","fee":68}]},
{"class_number":"1502","description":"Senior Working Hunter Oct 15","fees":[{"description":"Entry Fee","fee":65},{"description":"Fence Fee","fee":10}]},
{"class_number":"0502","description":"NSBA Senior Working Hunter Oct 15","fees":[{"description":"Entry Fee","fee":68}]},
{"class_number":"1503","description":"Green Working Hunter Oct 16","fees":[{"description":"Entry Fee","fee":65},{"description":"Fence Fee","fee":10}]},
{"class_number":"0503","description":"NSBA Green Working Hunter Oct 16","fees":[{"description":"Entry Fee","fee":68}]},
{"class_number":"1504","description":"Progressive Working Hunter Oct 16","fees":[{"description":"Entry Fee","fee":65},{"description":"Fence Fee","fee":10}]},
{"class_number":"0505","description":"NSBA Progressive Working Hunter Oct 16","fees":[{"description":"Entry Fee","fee":68}]},
{"class_number":"1501","description":"Junior Working Hunter Oct 16","fees":[{"description":"Entry Fee","fee":65},{"description":"Fence Fee","fee":10}]},
{"class_number":"0501","description":"NSBA Junior Working Hunter Oct 16","fees":[{"description":"Entry Fee","fee":68}]},
{"class_number":"4508","description":"Youth Working Hunter 14 -18 Oct 16","fees":[{"description":"Entry Fee","fee":35},{"description":"Fence Fee","fee":10}]},
{"class_number":"0508","description":"NSBA Youth Working Hunter 14 -18 Oct 16","fees":[{"description":"Entry Fee","fee":38}]},
{"class_number":"4507","description":"Youth Working Hunter 13 & Under Oct 16","fees":[{"description":"Entry Fee","fee":35},{"description":"Fence Fee","fee":10}]},
{"class_number":"0507","description":"NSBA Youth Working Hunter 13 & Under Oct 16","fees":[{"description":"Entry Fee","fee":38}]},
{"class_number":"9930","description":"Congress Hunter Classic/NSBA Oct 16","fees":[{"description":"Entry Fee","fee":400}]},
{"class_number":"8830","description":"Hunter Classic Non Pro/NSBA Presented by: The Collection Oct 16","fees":[{"description":"Entry Fee","fee":350}]},
{"class_number":"9967","description":"SBB 2 Year Old Open Western Pleasure Futurity/NSBA Oct 19, 24, 26","fees":[{"description":"Entry Fee","fee":350}]},
{"class_number":"9966","description":"SBB 2 Year Old Open Western Pleasure Oct 19, 24, 25","fees":[{"description":"Entry Fee","fee":0}]},
{"class_number":"9917","description":"SBB 3 Year Old Non Pro Western Pleasure Futurity/NSBA Oct 19, 22, 24","fees":[{"description":"Entry Fee","fee":200}]},
{"class_number":"9918","description":"SBB 3 Year Old Non Pro Western Pleasure Oct 19, 22, 23","fees":[{"description":"Entry Fee","fee":0}]},
{"class_number":"1422","description":"Senior Western Pleasure Oct 19","fees":[{"description":"Entry Fee","fee":65}]},
{"class_number":"0422","description":"NSBA Senior Western Pleasure Oct 19","fees":[{"description":"Entry Fee","fee":68}]},
{"class_number":"4425","description":"Youth Western Pleasure 11 & Under Oct 21","fees":[{"description":"Entry Fee","fee":35}]},
{"class_number":"0425","description":"NSBA Youth Western Pleasure 11 & Under Oct 21","fees":[{"description":"Entry Fee","fee":38}]},
{"class_number":"8825","description":"2 Year Old Open Western Pleasure Stakes/NSBA Oct 22, 25","fees":[{"description":"Entry Fee","fee":450}]},
{"class_number":"8826","description":"2 Year Old Open Western Pleasure Stakes Limited/NSBA Oct 22","fees":[{"description":"Entry Fee","fee":0}]},
{"class_number":"8840","description":"2 Year Old Non Pro Western Pleasure Stakes/NSBA Oct 23, 26","fees":[{"description":"Entry Fee","fee":400}]},
{"class_number":"8841","description":"2 Year Old Non Pro Western Pleasure Stakes/NSBA - Limited Oct 23","fees":[{"description":"Entry Fee","fee":0}]},
{"class_number":"8842","description":"SBB 2 Year Old Non Pro Western Pleasure Stakes/NSBA Oct 23, 26","fees":[{"description":"Entry Fee","fee":200}]},
{"class_number":"8843","description":"SBB 2 Year Old Non Pro Western Pleasure Oct 23 Stakes/NSBA - Limited","fees":[{"description":"Entry Fee","fee":0}]}
]}